Jane,Smith,London,United Kingdom
Michael,Brown,Manchester,United Kingdom
Sarah,Johnson,Birmingham,United Kingdom
David,Williams,Glasgow,United Kingdom
Emily,Jones,Liverpool,United Kingdom
Amily,Jones,Liverpool,United Kingdom
David,Williams,Glasgow,United Kingdom
Emily,Jones,Liverpool,United Kingdom
Emma,Taylor,Cologne,Germany
James,Anderson,Frankfurt,Germ
Isabella,Silva,Salvador,Brazil
Gabriel,Oliveira,Brasília,Brazil
Maria,Santos,Fortaleza,Brazil
William,Clark,New York,United States
Olivia,Lee,Los Angeles,United States
Ethan,Walker,Chicago,United States
Ava,Hall,Houston,United States
Alexander,Young,Toronto,Canada
David,Williams,Glasgow,United Kingdom
Emily,Jones,Liverpool,United Kingdom
Amily,Jones,Liverpool,United King
Emma,Taylor,Cologne,Germany
James,Anderson,Frankfurt,Germ
Isabella,Silva,Salvador,Brazil
Gabriel,Oliveira,Brasília,Brazi
John,Davis,10115:Berlin,Germany
Laura,Miller,20144:Hamburg,Germany
Thomas,Wilson,80333:Munich,Germany
John,Davis,10115:Berlin,Germany
Laura,Miller,20144:Hamburg,Germany
Thomas,Wilson,80333:Munich,Germany
2024-10-14 09:54:40,William,Clark,New York,United States
2024-10-14 09:55:20,Olivia,Lee,Los Angeles,United States
2024-10-14 09:55:50,Ethan,Walker,Chicago,United States
2024-10-14 09:54:40,William,Clark,New York,United States
2024-10-14 09:55:20,Olivia,Lee,Los Angeles,United States
2024-10-14 09:55:50,Ethan,Walker,Chicago,United States

Laura,Miller,20144:Hamburg,Germany
Thomas,Wilson,80333:Munich,Germany
John,Davis,10115:Berlin,Germany
Laura,Miller,20144:Hamburg,Germany
Thomas,Wilson,80333:Munich,Germany
